id,text,label,notes
1,10 men and a statue: Portugal are sacrificing another World Cup for Cristiano Ronaldo's ego.,hot_take,"Bold, provocative opinion with no supporting evidence. Pure assertion."
2,There have already been more red cards at the 2026 World Cup than there were during the entirety of the 2022 World Cup.,analysis,"Statistical comparison - verifiable data, no emotional framing."
3,"WORLD CUP ABSENCE LEADERBOARD 
 12 YEARS: ???? Italy, ???? Honduras, ???? Greece, ???? Chile
16 YEARS: ???? North Korea, ???? Slovakia, ???? Slovenia
20 YEARS:
???? Trinidad & Tobago, ???? Togo, ???? Angola, ???? Ukraine
24 YEARS: ???? Ireland
28 YEARS: ???? Romania, ???? Bulgaria, ???? Jamaica
32 YEARS: ???? Bolivia
36 YEARS: ???? United Arab Emirates
40 YEARS: ???? Northern Ireland, ???? Hungary
44 YEARS: ???? Kuwait, ???? El Salvador
56 YEARS: ???? Israel
88 YEARS: ???? Cuba",analysis,Pure data presentation. Factual information with no opinion or emotion.
4,"With his brace yesterday, Harry Kane already scored 69 goals this season: the 2nd best of any player in the 21st century
emoji:n_stats: Stats
Harry Kane just equaled Cristiano Ronaldo's best goalscoring season ever and Messi's 2nd best goalscoring season ever, with 69 goals (club + country).

The top spot belongs - of course - to Messi, who scored a record 82 goals in the 2011-2012 season.

If, however, we consider Romario 2000's season, then the second place belongs to the brazilian, who scored 73 goals during that campaign.

Edit: For comparison purposes, as of today, Haaland scored 53 goals (his best is 56 in 2022-2023) and Mbappe 50 (his best is 53 in 2022-2023).

Edit 2: Even if we compare Kane's goalscoring season with players from the 1970s onwards (before that, the data starts to get really incomplete and even unreliable), he only has one other person ahead of him: Gerd Muller scored 73 goals in the 1972-1973 season.

Edit 3: Considering career official goals (senior top-tier clubs + national A teams), Harry Kane now sits in 24th place of all time, with 507 goals, leaving behind Hugo Sánchez (506). He's the first Englishman on the list.

Ahead of him only Roberto Dinamite (513), Karim Benzema (523), György Sárosi (530), Alfredo Di Stéfano (537), Jimmy McGrory (550), Uwe Seeler (552), Fernando Peyroteo (553), Imre Schlosser (553), Zlatan Ibrahimovi? (561), Glenn Ferguson (563), Eusébio (578), Luis Suárez (606), Abe Lenstra (624), Joe Bambrick (626), Gerd Müller (634), Jimmy Jones - the top British player on this list (639), Robert Lewandowski (697), Josef Bican (722), Ferenc Puskás (725), Romário (756), Pelé (762), Lionel Messi (914) and Cristiano Ronaldo (973).

As of today, Mbappé has 427 and Haaland has 354.
",analysis,"Extensive statistical breakdown with comparisons, historical context, and verifiable data. This is a textbook analysis post."
5,"None of the Top 5 teams by possession% won their opening match . Team                   Goals
1. portugal            1
2. Spain                0
3. Turkiye             0
4. Switzerland     1
5. Uruguay           1",analysis,"Data-driven observation with specific stats (possession %, shots, goals). The conclusion is supported by the data."
6,South Korea and Mexico friendship going strong before game!,reaction,"Just an observation about teams being friendly. No analysis, no strong opinion."
6.1,"comment from post 6: It's over once the game begins. Since Mexico is playing at home, and the fans are upset with the team, Their own fans will boo them during the same game if they start losing, lol Mexico puts so much money into the league and players, and they still play average, so the fans are angry at them.", hot_take," Has some reasoning but it's mainly opinion with no data. ""Mexico plays average"" is subjective."
7,Jonathon David is the first North American footballer to score a hat trick at the World Cup since Bert Patenaude in 1930,analysis,Historical fact with specific data (first since 1930).
7.1,Canadians invented the hat trick and it's about time the world remembered that,reaction,"Sarcastic/humorous comment. No substance, just banter."
8,"Brazil supporters demand a better performance from Raphinha... 'You have to play better... Shoot at goal, this is the World Cup' and 'It's war, the World Cup is war.",reaction,"Emotional fan reaction, expressing frustration. No analysis, just demanding better performance."
9,Match Thread: Canada vs. Qatar | FIFA World Cup Canada 6 - 0 Qatar,reaction,Just reporting the score. This is informational but not analytical - it's a match thread summary.
10,Andrey Arshavin joined the Uzbekistan fans last night in the Azteca,reaction,"Simple observation about a player/fan interaction. No analysis, no opinion."
11,Thomas Müller finds it hard to get through Manhattan for his training session due to the Knicks parade,reaction,"Fun observation. No analysis, just reporting something interesting/funny."
12,Henry spoke about how if Ronaldo had moved into the 6 yard box instead it would've cleared space for Bruno,analysis,Tactical observation - explaining positioning and space creation. This is analysis even though it's short.
13,Japanese fans celebrating Daichi Kamada's late equalizer against Netherlands at the Shibuya crossing in Tokyo.,reaction,Reporting fan celebration. No analysis.
14,Australian defender Kai Trewin has never wanted to win a match more than tomorrow vs. USA,reaction,Emotional statement from a player. No analysis.
15,Japanese men picking up World Cup trash get mocked over double standards,hot_take,Implies controversy/double standards but doesn't explain or provide evidence. Opinionated framing.
15.1,"They have been doing this for like the past two world cups, why is it such a controversy now",reaction,Quick rhetorical question. No substantial point.
15.2,If anything sums up reddit its these comments. Obviously not every Japanese supporter is cleaning up after the game... Much rather see posts of people cleaning than getting into fights or breaking shit.,analysis,"This is reasoned argument with perspective and reasoning. The commenter is making a structured point about net positivity vs cynicism. Even though it has opinion, it's reasoning through the issue."
16,Some DR Congo fans getting the notification for the equalizer against Portugal before it appears on the screen,reaction,Reporting an interesting moment. No analysis.
16.1,"My neighbor's broadcast is ahead of mine. I always hear them well ahead I can watch the goals. Obviously not their fault but It totally ruins the matches for me. World cup, ucl, etc. I guess we have different providers.",reaction,Personal anecdote/emotion. No analysis.
17,BBC] World Cup 2026: Thomas Tuchel's complaints lead to Fifa moving photographers... allowing an unobstructed view for the coaching staff.,analysis,"News reporting with specific details about a policy change and its reason. Factual.

"
18,"[MARCA] Michael Olise is Real Madrid's top target... €200M+ bid..."" (long transfer news",analysis,"Detailed transfer news with quotes, context, reasoning about the deal. This is journalistic analysis/reporting with evidence and quotes."
18.1,"[MARCA] Michael Olise is Real Madrid's top target, and the club is considering making a mega-offer for the Bayern player. Real Madrid could raise their bid above €200M, with a limit of around €220M. This operation, Florentino Pérez's dream signing, is separate from that of Enzo Fernández.
emoji:n_transfer: Transfer News

At this point, it seems clear that the offer for Julián was a bluff , more aimed at complicating the Argentine's signing for Barcelona ( Florentino is being very belligerent with the Catalans in light of the 'Negreira case ') than being a genuine intention. 

It won't be easy. Bayern Munich isn't a selling club; quite the opposite. "" If Florentino Pérez wants to send us an offer, which hasn't happened yet, he can save himself the trouble, "" said Herbert Hainer , president of the German club, when Olise emerged as a potential target for Real Madrid following Florentino Pérez's announcement in 'Horizonte'. Real Madrid still has those 150 million euros safely tucked away, but it seems clear that taking Olise from the Allianz Arena will cost more.

Will that offer of over 200 million be enough? If there's one thing that's clear in football, it's that players play where they want . And Olise has a great supporter in Real Madrid. Not just any supporter. Kylian Mbappé , after becoming France's top scorer, had only words of praise for his right winger. "" With Michael, it's super easy, because he's a player who always keeps his head up. With him, you just have to think about offering him a solution, a passing lane, and he sees it. He knew it, and it was really cool, "" said the Real Madrid striker after the victory against Senegal , which opened up with a precise vertical pass from the Bayern player to set up the Madrid player. A natural and effective connection that was sorely missed last season at Real Madrid .

comment from post 18:
MARCA has to be the biggest propaganda paper for Real Madrid ever, don't think they've had a single news bit about us correct regarding our players

Edit: Just to be clear, according to them all of Davies, Kimmich and Upa had contracts signed with them.
",hot_take,"Strong opinion about MARCA's credibility with no evidence. ""Biggest propaganda paper ever"" is an assertion."
19,"[AS] Jose Mourinho asks for another centre-back and a midfielder. Real Madrid is working on three names for the defense: Ruben Dias, Bastoni and Schlotterbeck; and for the midfield, Mateus Fernandes and Enzo Fernandez.", analysis,Transfer news with specific names and details.
19.1,"Tchouameni, Bellingham, Valverde, Silva with another added on is crazy.
Not even mentioning they still have Camavinga, plus Guler, Brahim and Mastantuono as attacking midfielders.",analysis,Reasoned discussion about squad depth. Listing players and making an argument about depth.
19.2,"Someone has to exit this transfer window. In fact, the cleansing is more important than the new signings, Real Madrid haven't actually sold any decent player since Casemiro some four years ago to United.",analysis,Makes a specific argument about needing to sell players before buying. Uses Casemiro as example. This is a reasoned take.
19.3,"Schlotterbeck is such a no-brainer, I don't understand how there's even a question",hot_take,"Strong opinion, no supporting evidence. Just asserting Schlotterbeck is obvious without explaining why."
19.4,"Counter attack real Madrid is back, and im super excited. ",reaction,Pure emotional excitement. No analysis.
20,"Brazil supporters demand a better performance from Raphinha and the Brazil national team: ""You have to play better, Raphinha, you have to play better. Shoot at goal, this is the World Cup"" and ""It's war, the World Cup is war.""",reaction,Pure emotional excitement. No analysis.
20.1,"That's the question people don't want answered. Sadly, he has been very dilligent in answering this question. The USFWS (US Fish and wild life service) has been properly notified after the last game. Hopefully, birds and other animals won't build too many nests inside Haiti's goal.",reaction,Sarcastic/humorous comment mocking Raphinha. No substance.
20.2,"“Wow thanks guys, I didn’t think of this before. I was thinking i was only going to play half ass on purpose and we would win. But your logic is far more rational.” - Raphinha (probably)",reaction,Sarcastic joke. No analysis.
21,Nico Williams on his contract with Athletic Bilbao: “I’d like to be able to fulfill my contract… I’d sign off on staying here for the rest of my career.”,reaction,"Quote from a player. No analysis, just reporting."
22,"Thierry Henry in his post-match analysis about Ronaldo after Portugal's game vs DR Congo: ""The team needs to score, not you need to score""",analysis,"This is a tactical/performance observation from an expert. Henry is analyzing Ronaldo's play.

"
22.1,After Messi yesterday there was never a chance in hell Ronaldo would be even the slightest bit unselfish, hot_take,Strong opinion about Ronaldo's psychology/motivation with no evidence.
22.2,"Everytime they got remotely close to the box he lifted his arm and ran towards goal even if he was in a bad position. Like, bro chill",hot_take,"Observation of behavior with opinion (""bro chill"") but no data or reasoned argument. Borderline analysis but leans hot_take because it's just describing without proving."
22.3,Ronaldo tarnishing his legacy by trying to stat pad.,hot_take,"Strong claim about legacy/stat-padding. No evidence.

"
22.4,"He probably works better as a supersub at this point in his career, but he was the least of their problems today. They generated absolutely nothing. I get the argument that they play more fluid without him, but it's not like he was costing them goals left and right.",analysis,"Reasoned argument with nuance. Acknowledges counterargument (""I get the argument..."") and makes a balanced point."
22.5,"I knew Portugal would suck. The coach is bad. They have players that play almost the same. Bruno, Silva, ronaldo, Leah all want to play behind the center striker. Add Felix to that list. He should be nowhere near this team.
There is no width in this team. If everybody is playing centrally, there is no width.
Tuchel has made sold crazy choices but he had a pattern he wants to play.
PORTGUAL have to wake up quick, if they want to win this thing. They haven't played good football for a while ..",analysis,"Tactical reasoning - discusses lack of width, player roles, patterns. This is substantive analysis even though it's written passionately."
23,Colombia fans comfort an upset Uzbekistan fan at the game following a goal,reaction,Reporting a moment between fans. No analysis.
24,South Korea and Mexico friendship going strong before game!,reaction ,Reporting a moment between fans. No analysis.
25,England and Croatia fans both boo as the referee blows for the first hydration break.,reaction,Reporting fan reaction. No analysis.
25.1,"We went from all WC games being free on national television, to having to pay to watch ALL of them, and still having a fucking ad break in the middle of both halves. Here in Germany, yeah you can pay ONLY 11 euros to watch ALL world cup games. It sounds great, but you are still paying to watch ads when we didn't need to watch them in literally any other tournament. So boo all you fucking want, the match-going fans are paying even more money than us watching at home, and we beg you to boo this shit",analysis,Makes a reasoned argument about the commercialization of the World Cup and the cost to fans. Has substance even with emotion.
26,Micky van de Ven gave Jan Paul van Hecke a Tottenham shirt after van Hecke’s move became official,reaction,Reporting an interesting moment. No analysis.
27,Teboho Mokoena of South Africa in tears while singing the national anthem,reaction, Emotional moment. No analysis.
28,"Match Thread: Czechia vs South Africa | FIFA World Cup 2026 | Group Stage, Group A Czechia 1 - 1 South Africa
",reaction,Just reporting the score. No analysis.
29,"[VI] Alex Schalk (33) is returning to the Keuken Kampioen Divisie. The striker has reached an agreement with VVV-Venlo, according to sources.",reaction,Transfer announcement. Factual but not analytical
30,Ghana fans celebrating in the streets of Toronto last night,reaction,Reporting celebration. No analysis.
31,[VI] Jort van der Sande is in talks with Bali United. The SC Cambuur striker is set to embark on an adventure in Indonesia. This has been confirmed by sources close to the matter.,reaction,Transfer rumor/announcement. Factual
32,Ivan Perisic great leapfrog celebration after Croatia equalizer against England, reaction, Reporting a celebration. No analysis.
33,"Cape Verde goalkeeper Vozinha after the draw vs Spain: “I worked all my life for this. For this moment, for this dream.”",reaction,Emotional quote. No analysis.
34,"Post-Match Thread: Canada 6-0 Qatar | FIFA World Cup, Group B Canada 6 - 0 Qatar
Canada scorers: Cyle Larin (16'), Jonathan David (29', 45+3', 90+2'), Nathan-David Saliba (64'), Mohammed Manai OG (75')",reaction,Match summary. No analysis.
35,The Saudi national team also cleaned up their locker room after the match vs. Uruguay this morning.,reaction,Reporting a nice moment. No analysis.
36,Mexico has secured 1st place in Group A of the 2026 World Cup and has qualified for the Round of 32.,reaction ,"Reporting a factual result. No analysis, just an announcement."
36.1,Mexico secures 1st place in H2H vs South Korea. Czechia and South Africa are too far away. They'll keep their home advantage for the Round of 32 (Azteca stadium) and potentially the Round of 16 (if they qualify).,analysis,"Explains the implications (home advantage, potential Round of 16). Uses reasoning about the standings."
36.2,"Really not a fan of Czechia getting to have a shot against Mexico who are enjoying a meaningless game, while Korea and South Africa fight for their lives",hot_take,"Opinion about fairness of the situation. No evidence, just expressing displeasure."
36.3,"South Korea only need a draw against South Africa to secure 2nd. They have H2H advantage against Czechia, who NEED to beat Mexico to qualify (same thing for South Africa though)",analysis,"Explains qualification scenarios with specific details (draw needed, H2H advantage). Factual and reasoned.

"
36.4,Man of the Match - the South Korean goalkeeper for somehow eking out a goal despite both teams' best efforts against doing so,reaction,Humorous/sarcastic comment. No analysis.
36.5,"Somehow the most effective (regarding points) version of Mexico is one of its most boring iterations. I swear in 2010, 2014 and 2018 they were a much more fun team to watch.",hot_take,"Opinion about Mexico's playing style with no data. ""Boring"" is subjective.

"
37,Mexico fans singing El Rey by Vicente Fernández after full time,reaction,Reporting fan celebration. No analysis.
37.1,"Mexican are living this world cup as it should be lived. Even the korean federation post a msg thanking mexico for the amazing welcome to their people. Just a bunch of fun and joyful people celebrating football, I love it, well done mexico",reaction,Emotional/positive reaction. No analysis.
38,Iran forced to leave US immediately after World Cup draw with New Zealand... Iran's captain Mehdi Taremi and manager Amir Ghalenoei have revealed that they are being thrown out of the US immediately...,analysis,"News reporting with specific details, quotes from players/manager, context about FIFA and Infantino. This is journalistic reporting."
38.1,"I doubt Infantino has done a single thing to try and help anyone that has a net worth under $1 billion. (Yes, I understand that Taremi has nothing to gain from bad mouthing the FIFA president in his comments)",hot_take,Strong opinion about Infantino with no evidence. Assertion without backing.
39,Scuffle after full time whistle between Canada and Qatar, reaction,Reporting an incident. No analysis.
39.1,Looks like the staff were going at it instead of the players,reaction,Simple observation. No analysis.
39.2,"Get dismantled for 90 minutes, have a challenge that didn’t need to happen that led to a broken leg, than do this. Just go home",hot_take,"Strong emotional opinion about Qatar. No evidence, just anger."
39.3,As someone who has always lived in a border city this notion that Canadians are some culture of passive or meek people just because they're polite has always baffled me. Fighting in every sport on Earth is a suspension but in hockey it's a five minute rest,analysis,Makes a reasoned cultural observation using hockey as a comparison. Has substance and reasoning.
39.4,"Watching this from the stadium the Qatari players and staff started shit with the canadian staff and players with the full backing of Lopetegui absolute shameless scumbags. One of the Qatari staff tried taking a run at a canadian which started it off.
Also these yahoos had the audacity to try to fight the Canadian staff one of them was telling someone to fuck off when Kone was down on the pitch with that clown Lopetegui yelling at the ref for the red card. Send these guys to the fucking moon they literally destroyed whatever goodwill they had after the Swiss match by acting like this.
",hot_take,"Very emotional, opinionated rant with no evidence. Strong language (""shameless scumbags""). Pure hot_take."
40,Koné will miss the remainder of the World Cup due to a foul by Qatar's Madibo.,reaction,"Reporting an injury update. No analysis.

"
40.1,There's no way the Qatar player has gone in to that challenge to break his leg. Looks like a freak accident to me. (I am no fan of Qatar!). I hope Kone makes a quick and full recovery.,analysis,"Reasoned assessment of the incident, distinguishing between intent and outcome. Balanced perspective."
40.2,"It was absolutely awful to have happened, but Madibo looked genuinely distressed afterwards - like, I know these guys want to win and will do almost anything to win, but I can imagine most of them don't want to break people's legs to do so.",analysis,Nuanced take about player intent and empathy. Reasoning through the situation.
40.3,"Man, there's a lot of wrong answers here: it all depends on if there is soft tissue damage. He certainly broke both his tibia and fibula, and they will need surgery... Another note: that he has a shin guard and sock over his leg may be a huge deal here.",analysis,"Detailed medical analysis explaining injury severity, recovery timeline, and complications. Highly informative and evidence-based."
41,Lopetegui and Marsch having a quarrel,reaction,Reporting an incident. No analysis.
41.1,"Embarrassing performance from Qatar on every front imaginable. Can't string a pass together, break someone's leg, keep going into leg breaking tackles, continue to be classless",hot_take,"Strong emotional opinion with no evidence. Pure venting.

"
42,Post Match Thread: Switzerland 4 - 1 Bosnia-Herzegovina,reaction,Just reporting the score. No analysis.
43,England players and fans singing Wonderwall by Oasis after their win against Croatia,reaction,Reporting fan celebration. No analysis.
43.1,"The Round of 16 game will most likely be against Mexico in Mexico City (if England win their group they face the winner of group A if they win the round of 16). England would obviously be favoured, but if there's a game against a team that is lesser on paper that is dangerous it's facing Mexico at the Azteca, that will be an incredible atmosphere. On the other hand, that does feel like the kind of game that if you win it propels you on a deep run.",analysis,"Analysis of potential matchups, home advantage, and psychological factors. Reasoning about tournament dynamics.

"
43.2,"Sounds stupid but I saw this clip on the coverage yesterday and almost cried with patriotism. And I'm really not that sort of person... The World Cup really is so good. The Americans should stick some Queen on one of these games, then you'll really see a mad sing along",reaction,Emotional personal reflection. No analysis.
44,Moise Bombito went to visit Ismael Kone after the Canada Match at the hospital before his surgery for the fractured tib and fib, reaction,Reporting a heartwarming moment. No analysis.
44.1,"Not just the fans, I think the players were emotional too. There was a shot of the players in a huddle before the match restarted but after Kone was stretchered off and you could see tears from Jonathan David", reaction,Emotional observation. No analysis.
45,"Cape Verde's goalkeeper Vozinha and his FT stats: saves 7, Accurate passes 29, Saves inside box, recoveries 15",analysis,"Presents specific statistics (saves, passes, recoveries). Data-based."
45.1,"40 year old btw. Imagine being from a country with a population of around 500k, qualifying to your first World Cup, and becoming a hero for your MOTM performance while keeping a clean sheet against the European Champions. Insane stuff.",reaction,Emotional appreciation of Vozinha's story. Expresses admiration but no analysis.
46,South Africans weren't exactly thrilled with their World Cup opener.,reaction,Reporting fan sentiment. No analysis.
46.1,Benni McCarthy was such a great player... especially during Mourinho's era at FC Porto... he was one of my idols... Mourinho brought out the best in him.,reaction, Nostalgic personal reflection. No analysis.
47,[SQUAWKA] Mikel Oyarzabal is the first player on record since 1966 to fail to record a single touch in the first 30 minutes of a World Cup game.,analysis,Specific statistical fact with historical context (since 1966).
47.1,And that as a striker against a weak side like Cabo Verde.. Bro is having a stinker but he did have a cheeky shot which the GK didnt expect in the start of the second half,hot_take,"Opinion with ""weak side"" and ""having a stinker"" - no evidence. But has a small observation about the shot."
48,"Europe and South America are still on top of the football world
After one round of matches of the World Cup, here is some data comparing the 6 continental FIFA subsidiaries.",analysis,"Data-driven post with statistical comparison of continents. Explicitly says ""after one round of matches"" and plans to update."
48.1,"The thing is that such a table doesn't really tell the whole story. Like CAF looks terrible here, but their teams had to face Brazil, France, Argentina, Spain and Portugal, and not some easy teams",analysis,"Provides context to the statistics, pointing out strength of schedule. Reasoned counter-argument with evidence."
48.2,True. But the argument made by this graphic is how Europe and South America are still the dominant regions this world cup. Implicit in your statement is the admission that all the best and strongest teams are indeed in UEFA and CONMEBOL.,analysis,Engages with the data and reasoning. Makes a logical point about the implication of the previous comment.
49,"16 teams at the World Cup include at least one French citizen, with 6 French captains
As a French fan watching the France - Senegal, I was amused that the only goal we conceded was both scored and assisted by French citizens (Ibrahim Mbaye and Iliman Ndiaye, respectively). I also noticed the equalizer that got DR Congo a point against Portugal was also both scored and assisted by French citizens (Yoane Wissa and Arthur Masuaku). Those four players were all born and raised in France.
I then looked deeper into the 112 French citizens playing at this World Cup, mostly using u/PiggySVW’s great work with their interactive map. I figured no less than16 teams have at least one French citizen, including 6 captains : Aďssa Mandi (Algeria), Johny Placide (Haiti), Kalidou Koulibaly (Senegal), Jordan Ayew (Ghana), Ryan Mendes (Cabo Verde), and obviously Kylian Mbappé.
Most of those players were born and raised in France, but not all of them. As you would expect, the non-French teams with the most French players are those of countries most represented among France’s second and third-generation immigrants, with six historically tied to France’s former colonial empire (Algeria, Morocco, Tunisia, Haiti, Côte d’Ivoire, Senegal). Four other African nations are represented (DR Congo, Ghana, Cabo Verde, Egypt), as well as five other countries with one single player who happens to be French for various reasons (Colombia, Germany, Qatar, Spain, USA).
Here are the 16 teams, ranked by number of French citizens, as well as their French citizens, starting with the obvious :
France (26): Akliouche, Barcola, Cherki, Dembélé, Digne, Doué, Gusto, L. Hernandez, T. Hernandez, Kanté, Konaté, Koné, Koundé, Lacroix, Maignan, Mateta, Mbappé (c), Olise, Rabiot, Risser, Saliba, Samba, Tchouaméni, Thuram, Upamecano, Zaďre-Emery
Algeria (13): Aďt-Nouri, Aouar, Bentaleb, Chaďbi, Chergui, Ghedjemis, Gouiri, Hadj Moussa, Hadjam, Mahrez, Mandi (c), Mastil, Zidane
Haiti (12): Bellegarde, Duverne, Expérience, Fortuné, Isidor, Joseph, Nazon, Paugain, Pierre, Placide (c), Providence, Simon
DR Congo (11): Bakambu, Banza, Batubinsika, Kakuta, Kalulu, Kapuadi, Masuaku, Mbuku, Moutoussamy, Mpasi-Nzau, Wissa
Côte d’Ivoire (11): Bonny, Doué, Fofana, Fofana, Guessand, Koné, Lafont, Ndicka, Operi, Pépé, Wahi
Senegal (11): Diarra, Diaw, Diouf, Gueye, Koulibaly (c), Mbaye, A. Mendy, E. Mendy, Ndiaye, Niakhaté, Sarr
Morocco (7): Bouaddi, Diop, El Aynaoui, El Mourabet, Halhal, Sbaď, Yassine
Tunisia (7): Achouri, Bronn, Gharbi, Hannibal, Skhiri (c), Talbi, Valery
Cabo Verde (5) : Costa, Da Costa, Mendes (c), Moreira, Semedo
Ghana (3) : Ayew (c), Owusu, Senaya
Colombia (1): Ospina
Egypt (1): Hassan
Germany (1): Sané
Qatar (1): Boudiaf
Spain (1): Laporte
USA (1): Weah.
Honorable mention: Brazil and PSG captain Marquinhos said a few months ago that he was applying for French citizenship after 13 years in Paris, with no public update since December.
Note that Guéla and Désiré Doué, who play for Côte d’Ivoire and France, are brothers. They both had their entire youth career at the Rennes academy and played together for the first team until 2024. Well, Lucas and Theo Hernandez are brothers too, though that’s less noteworthy. Besides, Algerian goalkeeper Luca Zidane’s father played for France.
So far, after all French players have played their first game, 9 have had a direct goal contribution. In chronological order: Hannibal (1A-TUN), Mbappé (2G-FRA), Olise (1A-FRA), Barcola (1G-FRA), Rabiot (1A-FRA), Mbaye (1G-SEN), Ndiaye (1A-SEN), Wissa (1G-COD), Masuaku (1A-COD). That’s a tally I’ll probably have fun updating at the end of the tournament.
Conversely, 5 French GKs have played and conceded a total of 9 goals : Placide (1-HAI), Mpasi-Nzau (1-COD), Mendy (3-SEN), Maignan (1-FRA) and Zidane (3-ALG), Yahia Fofana (CIV) has however kept a clean sheet against Ecuador, shout out to him.",analysis,"Extensive statistical analysis with detailed lists of players, captains, goal contributions, and historical context. This is a comprehensive data-driven post. The author clearly did research."
49.1,Interesting to note that the best player for the France team was an Englishman.,hot_take,"Provocative opinion with no evidence. This is a classic hot take - making a controversial claim about nationality and performance without backing it up. (Reference to England's player of the tournament? Unclear, but stated as fact with no support.)"
49.2,Over 50 players at the world cup were born in Paris alone...,analysis,Adds a specific factual data point (50+ players born in Paris). Verifiable statistic that supports the original post.
49.3,"it's amazing when you think about it, because France becomes sort of the football capital of the world. But I don't know how I feel about how alot or majority of national teams in the world right now are based of player who were born outside their home countries. We have seen recently how Indonesia really strengthen their squad with people of Indonesian origins, and I think other countries like India could look into adapting this strategy.",analysis,"Reasoned discussion about diaspora players and national team composition. Makes a substantive point about Indonesia and India. This is analysis even though it includes personal feeling (""I don't know how I feel"")."
49.4,"The problem India have with recruiting from their diaspora is that they're incredibly strict about dual citizenship. That's the main reason they've never been able to recruit a British Indian player like Michael Chopra, because they'd need to give up their British citizenship to get an Indian passport.",analysis,Provides specific factual information about Indian citizenship laws and uses a concrete example (Michael Chopra). Informative and reasoned.
49.5,It's kind of surprising that none of the Canadian team have French citizenship,hot_take,"Opinion about what's ""surprising"" with no data or reasoning. Is it actually surprising? No evidence provided."
49.6,Most national teams have players born outside their borders. I wish someone would list the ones that don't have any foreigners,reaction,"Expresses a wish/curiosity. No analysis, just a statement."
49.7,"Panama, Uzbekistan, Colombia, Austria, Saudi Arabia, Sweden, Brazil, South Africa, Czechia. Not South Korea or Japan surprisingly",analysis," Provides a specific list of teams without foreign-born players. Informative and data-based. Even though short, it's factual."
49.8,Dunno how you can cheer for your team when the majority of the starters have never lived for a single day in your country,hot_take,"Strong opinion about national team identity and eligibility. No evidence or reasoning, just a provocative statement. (""Dunno"" indicates it's rhetorical.)"
50,Referee Felix Zwayer down with muscle cramps 90'+3',reaction,Reporting an incident. No analysis.
51,USA [2] - 0 Australia - Alexander Freeman 43',reaction,Just reporting a goal/score. No analysis.
52,"Lula, President of Brazil, mocks Neymar: 'Neymar is the first home office call-up in the world. A home office player. I saw this on the internet yesterday.' And he also added: 'One day we will have to create 11 Pelés with artificial intelligence.'",reaction,Reporting a political figure's comment. No analysis. It's news/quote.
52.1,"He had them with the Neymar stuff, but that last punchline '11 Peles' did not land. He's gonna have to workshop that for his act.",reaction,Humorous critique of Lula's joke. No analysis.
52.2,Neymar is one of the biggest Bolsonaro fanboys so well played,hot_take,"Political opinion about Neymar's affiliations. No evidence, just asserting a claim."
52.3,Neymar hasn't played an actual competitive game of football since that UCL final during covid. He's basically been retired for the last 5+ years. This is not some shocking statement.,hot_take,"Strong opinion with exaggeration (""basically been retired""). No evidence provided."
52.4,"I wouldn't say that, he was brilliant in the latter stages of 20/21 UCL, single handedly knocked out Bayern in QFs with unplayable conditions at Allianz and was the best player in 2021 Copa America Final. Emi Martinez said it himself. In 21-22 UCL, he was the one who provided Mbappe with both the assists when they lost to us because of that freak Benzema hattrick. He was again brilliant in 22 World Cup and scored a stunning goal in QF against Croatia but their midfield screwed it all up. Since that match, he has been washed as fuck.",analysis,"Provides specific evidence (2021 UCL, Copa America final, 2022 World Cup) to counter the previous comment. Uses concrete examples and reasoning. Even though it's defensive, it's substantive."
53,"Norway's Erling Haaland is the first player to score twice on their World Cup debut since... Elijah Just for New Zealand on Monday, who was the first player to achieve the feat since... Yasin Ayari for Sweden on Sunday, who was the the first to do so since... Folarin Balogun for the U.S. on Friday.",analysis,Statistical comparison with specific names and chronology. Data-driven.
54,Team Australia players Jacob Italiano and Harry Souttar just received two yellow cards after the referee determined that the match is becoming too physical. USA's Folarin Balogun also got a yellow card after he wrapped his arm around Souttar's neck.,reaction,Reporting an incident. No analysis.
55,[Czechia 1-1 South Africa] Schick waves off the referee and walks away; Mokoena reacts in disbelief,reaction,Reporting a moment in the match. No analysis.
56,Instituto Reis officially announces that Vozinha will not be a volleyball instructor this summer for reasons beyond their control as he will be at the FIFA World Cup with Cape Verde.,reaction,Reporting a heartwarming/humorous story. No analysis.
56.1,"Translation for anyone who wants it:
OFFICIAL ANNOUNCEMENT
This year, for reasons completely out of the control of our management, coaching staff, and even the forces of nature… the great Vozinha will not be able to join Instituto Reis to hit the ball this summer.
The reason? He’s going to take care of a small prior commitment called the World Cup. We tried to negotiate but for now it seems like this World Cup is bigger than our academy.
All the luck in the world, champion. Represent us as always.",reaction,Just providing translation of a fun announcement. No analysis.
57,"Estimated hosting cost of recent FIFA World Cups: Germany 2006 $5.2 B, South Africa 2010 $7.2B, Brasil 2014 $15 B, Russia 2018 $14, Qatar 2022 $220 B, USA, Canada, Mexico $8B",analysis,Presents comparative data about hosting costs. Factual and informative.
57.1,220 Billion...my gosh...waste of money is an understatement,reaction,Emotional reaction to the number. No analysis.
57.2,"Besides the stadiums, they built an entire city (Lusail) just to host the World Cup",analysis,Adds specific factual context about Qatar's spending (Lusail city). Informative.
57.3,"I'm actually surprised that cost has remained fairly static, with exception of Qatar. All in all, averaging $10 billion to host the world cup really isn't that bad. 10 billion might be lot of money for you and I, but looking at the host country list, they make up a very small percent of their yearly budget.",analysis,"Provides reasoned perspective on the costs, comparing them to host country budgets. Makes a balanced argument."
57.4,"$8 billion between 3 countries, inflation adjusted too, is a huge decrease in relative costs actually.",analysis,Adds context about inflation and shared hosting. Factual and reasoned.
57.5,Why was brazil 2x as much as south africa? I would think brazil has more stadiums ready for big matches than RSA,analysis,Asks a thoughtful question about cost differences. This is a genuine analytical question.
57.6,They built a stadium in the middle of the Amazon and I guess infrastructure to get there and stay... Plus corruption,analysis,"Provides reasoning about Brazil's higher costs (Amazon stadium, infrastructure, corruption). Informative."
58,Japanese emperor Naruhito and king Willem-Alexander of the Netherlands watching the WC game of the Netherlands vs Japan, reaction,Reporting an interesting moment. No analysis.
59,"Manuel Neuer: 'For me it is clear that this is my last tournament. I do not plan to be there in two years' time for the next Euro,' he said. 'In the last days I have dealt with the fact that these are the last games for Germany.'",reaction,Reporting a player's quote/announcement. No analysis.
60,"Germany becomes the team with most goals scored in the FIFA World Cup history with 239 goals overtaking Brazil. Brazil 238 Goals, Germany 239 Goals",analysis,Specific statistical fact with comparison. Data-driven.
60.1,"Germany are always stat padding though vs teams like Curaçao, Saudi Arabia & Brazil",hot_take,"Provocative opinion about Germany's goals being ""stat padding."" Uses Brazil as a punchline but it's a claim without evidence. The ""always"" makes it an assertion."
61,Australia penalty shout against USA - 61',reaction,Reporting a match incident. No analysis.
61.1,Shocking amount of people think cutting across a defender from their blindside and going down is a foul,hot_take,"Opinion about what constitutes a foul. No evidence, just asserting people are wrong."
62,Iran says their player Mehdi Torabi's US visa has expired after opening game as he was only issued a single-entry visa instead of the multiple-entry visa given to other Iranian national team players to take part in the World Cup.,analysis,News reporting with specific details about visa issues. Informative.
62.1,"Football players in the biggest international tournament in the world, they are just like me.",reaction,Humorous personal reaction. No analysis.
62.2,"America has the FBI, CIA, police, Palantir, among others at its disposal. How hard is it to track down a professional footballer. Monitor him 24/7 if you must. Just give him the visa then enforce if he breaks any rules (which is unlikely as Im pretty sure he just wants to play the biggest tournament of his career)",analysis,"Makes a reasoned argument about visa policy, suggesting monitoring as a solution. Has substance and reasoning."
64,A FIFA staff member holding the Czech Republic flag got caught in the huge flag while the others were rolling it up.,reaction,Reporting a funny incident. No analysis.
65,[Reuters] Algeria lodge complaint to FIFA over refereeing in World Cup defeat to Argentina after Messi incident,analysis,News reporting with specific details about a complaint. Informative.
66,"[Fabrizio Romano] EXCLUSIVE: Real Madrid reach verbal agreement to sign Marc Cucurella from Chelsea, HERE WE GO! Verbal agreement in place between all parties, player too — he's the left back wanted by Mourinho. Details to follow. Cucurella leaves #CFC and joins Madrid after World Cup.",analysis,Transfer news reporting with specific details. This is journalistic reporting.
66.1,Real Madrid finally has a player in Spain's WC squad,reaction,Simple observation. No analysis.
67,"50 years ago today (June 20th), Antonin Panenka scores the famous penalty which gives Czechoslovakia the European Championship in Belgrade against West Germany.",reaction,"Historical fact/anniversary post. No analysis, just reporting."
68,"A group of Brazilian fans learnt of Philadelphia's 'Rocky Curse' (That any fanbase putting their paraphernalia on the statue of Rocky Balboa will lose), so they put an Argentina jersey on it",reaction,Reporting a funny fan moment. No analysis.
68.1,"The curse rebounds if you try to apply it to another fanbase, KC won the Super Bowl when Philly fans tried to sabotage us by putting a Chiefs jersey on Rocky in 2023. So basically Brazil is fucked",reaction,Humorous/superstitious comment. No analysis.
69,"Mbappe on facing Senegal in their opening match: 'We face the African champions… ehm, I don't know if it was them or Morocco in the end.. Well, let's just say the African champions!",reaction,Reporting a quote. No analysis. It's a funny moment.
70,Team USA becomes the second team to qualify for the Knockout stages after defeating Australia 2-0,reaction,Reporting a result. No analysis.
71,[Fotmob] Interesting. Scotland failed to register a shot on target. It the first time for them since that match against Denmark in 1986 when they went an entire FIFA World Cup match without one.,analysis,Statistical fact with historical comparison (since 1986). Data-driven.
72,Kylian Mbappé becomes the all-time top scorer of France with 58 goals,analysis,Statistical milestone with specific number (58 goals). Factual.
73,"Match Thread: Brazil vs Haiti | FIFA World Cup 2026 | Group Stage, Group C Preview: Brazil vs Haiti Info	Details
Competition	2026 FIFA World Cup, Group Stage
Date	Fri, June 19, 2026
Venue	Lincoln Financial Field, Philadelphia, Pennsylvania, USA
Kickoff	8:30 PM EDT / 2:30 AM CEST
Status	Scheduled
TEAM SNAPSHOT

Stat	Brazil	Haiti
Goal Difference	0	-1
Goals Scored	1	0
Assists	1	0
Goals Conceded	1	1
TOP CONTRIBUTORS

Team	Goals	Assists
Brazil	Vinícius Júnior (1 G)	Bruno Guimarăes (1 A)
COMPETITION LEADERS

Category	Brazil	Haiti
Goals	Vinícius Júnior (1)	-
Assists	B. Guimarăes (1)	-
GROUP C

#	Team	GP	W	D	L	GF	GA	GD	Pts
1	Morocco	2	1	1	0	2	1	+1	4
2	Scotland	2	1	0	1	1	1	0	3
3	Brazil	1	0	1	0	1	1	0	1
4	Haiti	1	0	0	1	0	1	-1	0
RECENT FORM:

Brazil: [D] W W W L

Haiti: [L] L W D L

HEAD-TO-HEAD

Brazil Wins	Draws	Haiti Wins
1	0	0
Date	Home	Score	Away	Competition
Jun 08, 2016	Brazil	7-1	Haiti	2016 Copa América, Group Stage
LINE-UPS

Brazil (4-2-3-1)

Starting XI	Notes	Subs	Notes
Alisson Becker		Alex Sandro	
Marquinhos		Gabriel Martinelli	
Gabriel Magalhăes		Rayan	
Douglas Santos		Bremer	
Danilo		Endrick	
Lucas Paquetá		Igor Thiago	
Raphinha		Léo Pereira	
Vinícius Júnior		Roger Ibańez	
Casemiro		Weverton	
Bruno Guimarăes		Luiz Henrique	
Matheus Cunha		Ederson	
Danilo Santos	
Éderson	
Fabinho	
Haiti (5-4-1)

Starting XI	Notes	Subs	Notes
Johny Placide		Alexandre Pierre	
Martin Expérience		Josué Duverger	
Hannes Delcroix		Lenny Joseph	
Ricardo Adé		Wilson Isidor	
Carlens Arcus		Louicius Deedson	
Jean-Kévin Duverne		Garven Metusala	
Josué Casimir		Carl Sainté	
Jean-Ricner Bellegarde		Markhus Lacroix	
Danley Jean Jacques		Derrick Etienne Jr.	
Ruben Providence		Duckens Nazon	
Frantzdy Pierrot		Keeto Thermoncy	
Dominique Simon	
Yassin Fortuné	
Wilguens Paugain	
Woodensky Pierre	
",analysis,"Comprehensive match preview with stats, lineups, group standings, recent form, head-to-head. This is informational/data-heavy."
73.1,"Please score atleast a goal Haiti, would be even funnier if they somehow draw even if unlikely.",reaction,Emotional/hopeful comment. No analysis.
74,Iran to complain to FIFA over World Cup travel restrictions / Iran's request to travel to Los Angeles two days before Sunday's World Cup match against Belgium was denied.,analysis,News reporting with specific details about the complaint. Informative.
75,A Mexican fan sneaked tequila into the stadium in a flask disguised as a mobile,reaction,Reporting a funny story. No analysis.
75.1,He kept it realistic by putting the same amount of alcohol in his drink as the $28 premium cocktail too. What a guy.,reaction,Humorous comment. No analysis.
76,Reportedly 400 000 fans celebrated Mexico victory against South Korea at the Angel de la Independencia in Mexico City,reaction,Reporting a celebration. No analysis.
77,Scotland penalty shout against Morocco 49,reaction,Reporting a match incident. No analysis.
77.1,Think the ref didn't give it cause at the start of the action a similar thing happened which led Scotland to get the ball which he let go.,analysis,Provides reasoning about the referee's decision. Explains the context.
77.2,Penalty? He's already on his way down to the grass before he gets tackled and then makes a spectacular dive that's never a penalty and the way he reacts with his arms confirms my suspicion that he was looking to dive there the contact is bare minimum.,analysis,"Detailed reasoning about why it wasn't a penalty. Uses specific observations about the player's movement and reaction. Even though it's opinionated, it's reasoned."
78,"The United States has won both of their matches so far by multiple goals. They had only done that three times in their World Cup history prior to 2026. 1930 - United States 3 - 0 Belgium, 1930 - United States 3 - 0 Paraguay, 2002 - United States 2 - 0 Mexico", analysis,Statistical comparison with historical data. Provides specific examples.
78.1,"Realistically, we got a very easy group. You still have to go out and perform, so I also give the team some credit. They probably handle Algeria in 2010 or Iran in 2022. They are not somehow a great team because they dominated Paraguay and Australia though. These are games they should be winning.",analysis,Reasoned assessment of the team's performance. Provides context about the group difficulty and makes a balanced argument. Acknowledges both credit and limitations.
78.2,"I'd almost say the opposite. The USA has done well at most of the recent World Cups (2010, 2014, 2022). However, in those tournaments we have zero wins over powerhouse type nations (England 2010, Germany 2014, Belgium 2014, Netherlands 2022, England 2022). Maybe throw Portugal with gimpy Ronaldo in there in 2014. We drew some of these games and had some decent performances in there (especially England 2022), but USA has pretty reliably been a team that escapes the group stage and then gets exposed by the elite.",analysis,"Detailed historical analysis of USA's World Cup performance. Provides specific opponents, years, and reasoning. Makes a clear argument about the team's ceiling."
78.3,"The US has missed pot 1 at World Cups by like 2 positions multiple times. In 2006, if the US had done anything but lose out in 1998, they would have been Pot 1 as World #4. In 2022, the US and Mexico would have been in Pot 1 if either team had won out in qualifying after facing each other the second time",analysis,Provides specific historical context about FIFA rankings and pot seeding. Informative and data-driven.
78.4,Also I just want to point out that today's match taking place in the Pacific Northwest is so amazing because the region has some of the most passionate supporters of their teams in the entire country. Incredible scenes in Seattle. My heart is full., reaction,Emotional expression about the atmosphere. No analysis.
78.5,"Two points: this will become more common as the WC expands, with weaker teams added to fill the groups. WC qualifying going forward will likely see us completely separated from the good Concacaf teams, reducing the number of 'competitive' games before a given WC",analysis,Makes two reasoned predictions about the future of the World Cup. Provides reasoning about expansion and qualifying changes.
79,"With their 2-0 victory against Australia, the United States are now the Unofficial Football World Champions.",reaction, Reporting a quirky statistic. No analysis.
79.1,"am I supposed to say,'I believe that we will win?' I don't know. Never been here before…",reaction,Humorous self-aware comment. No analysis.
80,[Squawka] Spain have now FAILED to win their opening World Cup game in four of their last five tournaments.,analysis,Statistical pattern with specific numbers (4 of last 5). Data-driven.
80.1,27 shots. 7 on target. 11 corners. 0 goals. Absolutely insane.,analysis,"Provides specific stats (shots, on target, corners) to support the point. Data-driven."
81,"Haiti goalkeeper Johny Placide takes too long over a goal kick, so the referee awards Brazil a corner 6",reaction,Reporting an incident. No analysis.
81.1,This is where referees have to be consistent across the board. The other game in this group allowed the keeper to waste time on every goal kick. That's two teams in the same group almost playing with different rules.,analysis,Makes a reasoned argument about referee consistency. Provides specific comparison to another game.
81.2,"This, the one for throw ins, and the one minute rule for injured players have been an incredible addition to the game. Flowing much better overall, obviously until that atrocious break. You barely see any players stay down while they aren't truly injured anymore, they know they have to get up quick otherwise they stay one minute on the side. (Well, except GKs and Bono already identified that flaw).",analysis,Detailed analysis of rule changes and their impact on the game. Reasoning about how rules affect player behavior.
82,Argentina [2] - 0 Algeria - L. Messi 60',reaction,Reporting a goal. No analysis.
82.1,Going to be tight between Mbappe and Messi on who breaks Kloses record. Would like Messi to get there first as Mbappe has more time and will get it anyway in the future.,analysis,Makes a reasoned prediction about who will break the World Cup goals record. Uses logic about timing and career stage.
83,"[Yahoo] Christian Pulisic ruled out with calf injury, Ricardo Pepi takes his place in USA's World Cup lineup Friday",analysis,News reporting with specific details about injury and replacement. Informative.
83.1,"I guess Balogun will have to be LeBron James now, Pulisic looked brilliant first game too",reaction,Humorous comment. No analysis.
83.2,"It's the smart call in the long run. Rest him today, that way he's more ready to go if you need him against Turkiye. And if the US wins today, you can just let him get even more rest against Turkiye and be ready to go for the knockout stage", analysis,Strategic analysis about player management. Reasoning through the decision to rest Pulisic.
84,FIFA's World Cup concussion protocols under fire after USA incident: 'Players are at risk',analysis,News reporting about a serious issue with specific details. Informative.
84.1,"It's why there should be independent, non-team doctors. Otherwise you're just risking CTE. No team doctor, unless painfully honest, is going to say a player saying that they're fine is concussed.",analysis,Makes a reasoned argument about independent doctors. Provides reasoning about conflict of interest for team doctors.
84.2,"Good, this needs attention. Qatar goalkeeper last week got his head knocked back and then was supposed to defend a penalty right after. If there is head injury someone unaffiliated with the teams should determine whether the player can continue, like doctors in combat sports. Remember Karius?",analysis,Provides specific example (Qatar goalkeeper) and comparison to combat sports. Makes a reasoned argument for independent doctors. References Karius as example of concussion issues.
85,"10 years ago, Messi scored this goal against the USA in Copa America 2016, the first Puskás nominated free kick ever.",reaction,Historical throwback post. No analysis.
85.1,Crazy how Chile would go on to win this and they are now an afterthought in South America. They finished dead last in qualifying for this World Cup. From the top to obscurity in a decade,analysis,Historical comparison and analysis of Chile's decline. Provides specific detail (finished dead last).
86,"Post Match Thread: Brazil 3 - 0 Haiti | FIFA World Cup 2026 | Group Stage, Group C
emoji:n_ball: Post-Match Thread
FT: Brazil 3 - 0 HaitiInfo	Details
Competition	2026 FIFA World Cup, Group Stage
Date	Fri, June 19, 2026
Venue	Lincoln Financial Field, Philadelphia, Pennsylvania, USA
Referee	Alejandro José Hernández Hernández
Kickoff	8:30 PM EDT / 2:30 AM CEST
Status	FT
LINE-UPS

Brazil (4-3-3)

Starting XI	Notes	Subs	Notes
Alisson Becker		Alex Sandro	
Gabriel Magalhăes		Gabriel Martinelli	?? on 64'
Marquinhos		Rayan	?? on 40'
Douglas Santos	?? 65'	Bremer	
Danilo		Endrick	?? on 64'
Casemiro		Igor Thiago	
Lucas Paquetá	?? off 64'	Léo Pereira	
Bruno Guimarăes	?? off 81'	Roger Ibańez	
Matheus Cunha	? 23' · ? 36' · ?? off 64'	Weverton	
Vinícius Júnior	? 45'+3' · ?? off 81'	Luiz Henrique	
Raphinha	?? off 40'	Ederson	?? on 81'
Danilo Santos	?? on 81'
Éderson	?? on 81'
Fabinho	
Haiti (5-4-1)

Starting XI	Notes	Subs	Notes
Johny Placide		Alexandre Pierre	
Ricardo Adé		Josué Duverger	
Hannes Delcroix		Lenny Joseph	?? on 71'
Jean-Kévin Duverne		Wilson Isidor	?? on 45'
Martin Expérience		Louicius Deedson	?? on 62'
Carlens Arcus	?? 4' · ?? off 45'	Garven Metusala	
Jean-Ricner Bellegarde	?? off 81'	Carl Sainté	
Danley Jean Jacques	?? 72'	Markhus Lacroix	
Ruben Providence	?? off 71'	Derrick Etienne Jr.	?? on 81'
Josué Casimir	?? off 62'	Duckens Nazon	
Frantzdy Pierrot	?? off 45' · ?? 45'+4'	Keeto Thermoncy	
Dominique Simon	?? on 45'
Yassin Fortuné	
Wilguens Paugain	
Woodensky Pierre	
MATCH EVENTS | via ESPN

4' ?? Carlens Arcus (Haiti) is shown the yellow card for a bad foul.

23' ? Goal! Brazil 1, Haiti 0. Matheus Cunha (Brazil) left footed shot from the centre of the box to the bottom left corner following a fast break.

36' ? Goal! Brazil 2, Haiti 0. Matheus Cunha (Brazil) left footed shot from the left side of the box to the top left corner. Assisted by Vinícius Júnior with a through ball following a fast break.

40' ?? Substitution, Brazil. Rayan replaces Raphinha because of an injury.

45' ?? Substitution, Haiti. Dominique Simon replaces Carlens Arcus.

45' ?? Substitution, Haiti. Wilson Isidor replaces Frantzdy Pierrot.

45'+3' ? Goal! Brazil 3, Haiti 0. Vinícius Júnior (Brazil) right footed shot from the left side of the box to the centre of the goal. Assisted by Lucas Paquetá with a through ball.

45'+4' ?? Frantzdy Pierrot (Haiti) is shown the yellow card for a bad foul.

62' ?? Substitution, Haiti. Louicius Deedson replaces Josué Casimir.

64' ?? Substitution, Brazil. Gabriel Martinelli replaces Lucas Paquetá.

64' ?? Substitution, Brazil. Endrick replaces Matheus Cunha.

65' ?? Douglas Santos (Brazil) is shown the yellow card for a bad foul.

71' ?? Substitution, Haiti. Lenny Joseph replaces Ruben Providence.

72' ?? Danley Jean Jacques (Haiti) is shown the yellow card for a bad foul.

81' ?? Substitution, Brazil. Danilo Santos replaces Vinícius Júnior.

81' ?? Substitution, Brazil. Éderson Silva replaces Bruno Guimarăes.

81' ?? Substitution, Haiti. Derrick Etienne replaces Jean-Ricner Bellegarde.

MATCH STATS

Stat	Brazil	Haiti
Expected Goals	1.50	0.32
Possession	57%	43%
Shots on Goal	5 (62%)	3 (38%)
Big Chances Created	2	0
Big Chances Missed	0	0
Accurate Passes	461 (88%)	331 (83%)
Duels Won	54	40
Saves	3	2
Fouls Committed	12	15
GROUP C

#	Team	GP	W	D	L	GF	GA	GD	Pts
1	Brazil	2	1	1	0	4	1	+3	4
2	Morocco	2	1	1	0	2	1	+1	4
3	Scotland	2	1	0	1	1	1	0	3
4	Haiti	2	0	0	2	0	4	-4	0
",analysis,"Comprehensive post-match data with stats, lineups, substitutions, match events. Highly detailed and informative."
86.1,"Brazil cannot catch a break. Rodrygo, Estevao and now Rapinha. And fucking Neymar came in injured. First goal should've been a foul. Vini was electric. All of Brazil goals coming from his involvement. Ancelotti got the best out of Vini for RM, seems like he is getting the best of Vini with Brazil as well. Paqueta had flashes of brilliance but midfield need to up the game. Random stat: Vini jr. has now scored more world cup goals than Ronaldinho.",analysis,"Detailed match analysis with multiple observations: injuries, goal analysis, player performance, tactical observations. Even though it includes emotion, it has substantive reasoning."
87,Scotland ?????????????? in Boston feels right at home. They are unique.,reaction,Simple observation about Scotland fans. No analysis.
87.1,My American Mom who doesn't keep up with 'soccer' asked me if that Messi guy plays for Scotland and if they were gonna win the cup. That told me exactly how much the Scots have permeated social media and the zeitgeist in the US. Bless her heart.,reaction,Personal anecdote. No analysis.
87.2,Scotland's entire international persona is performatively being over the top fake-nice to try to get people to like them more than England. Back home they're the exact same miserable cunts that we are.,hot_take,"Strong opinion about Scottish identity with no evidence. ""Performatively fake-nice"" is an assertion without backing. Uses provocative language."
88,No shields. No swords. Just Football ????Norway | FIFA,reaction,Simple promotional statement. No analysis.
88.1,The tickets sales of the world cup is really good. The stadium always looks so full.,reaction,Simple observation. No analysis.
89,USA World Cup goals are literally shaking Seattle's Lumen Field,reaction,Hyperbolic statement about crowd noise. No analysis.
90,"A Croatian fan passionately sings the national anthem, completely unfazed by the booing from England supporters.",reaction,Reporting a moment. No analysis.
90.1,"In my opinion this is an attempt at creating a ""hostile atmosphere"" look at football and basketball in some eastern european countries, see the flares, the loudness. Do you think those fans are silent if a song is being played for the other team? No, they drown it out. Because they want the other team to feel unwelcome, and to give their own team an advantage in that regard.

People who see it as disrespectful in my opinion are probably more neutral fans who don't feel as strongly about their team. There is a big belief in football culture of being the ""12th man"" so being silent at a moment where you may give your team an advantage is just incorrect in that culture. The only exceptions to this are minutes of silence, or claps to show respect usually for somebody dying -- but even these things are not universally respected.

Anyway. I'm not justifying it, just explaining it. And it definitely isn't unique to England.
",analysis,"Detailed analysis of football culture, explaining the ""12th man"" concept and why fans boo anthems. Provides reasoning, context, and even acknowledges exceptions. This is substantive cultural analysis."
90.2,"I remember watching an England vs Wales in a Euro 2012 qualifier and the people in the pub were horrified at Wales fans boing the English anthem. I genuinely thought they were being sarcastic and pointed out England fans always boo the opposition anthem and they were having none of it, saying that never happened.",reaction,Personal anecdote. No analysis. Just sharing a memory.
91,"A Simple Guide to Group Standings & 3rd Place Qualification (And why you shouldn't overanalyze it)
Since the World Cup expanded to its massive new format, I’ve seen a lot of confusion around how the standings work. Some of our new friends from North America love to overanalyze every single mathematical scenario, but this system isn't actually new.

The World Cup used the exact same ""best 3rd-placed teams"" rule back in 1994 (ironically, when the US last hosted it), the only difference being that there were fewer groups back then (6 groups instead of the current format).

So, let’s break down exactly how the math works in plain English.

1. How to Read a Standings Table (The Columns)

When you open an app like Flashscore, you will see a row of letters next to a team's name. Here is what they mean:

MP (or GP): Matches Played. (Every team plays 3 games in the group stage).

W: Wins (Worth 3 points).

D: Draws / Ties (Worth 1 point each).

L: Losses (Worth 0 points).

G (or GF:GA): Goals scored vs Goals conceded (e.g., 4:1 means they scored 4 and conceded 1).

GD (+/-): Goal Differential. This is Goals Scored minus Goals Conceded. (If you score 4 and concede 1, your GD is +3 or 3).

PTS: Total Points. This is the most important number.

2. The Group Tie-Breakers (FIFA Rules vs. UEFA Rules)

A lot of people get confused here because they remember Qatar 2022 and older World Cups where goal difference was always the very first rule. In fact, for the first time since 1970, FIFA has officially changed its historical rule for this tournament and aligned with the UEFA style.

This means head-to-head records are now the primary tie-breaker instead of overall goal difference. They look at the actual match played between the tied teams first.

According to the official FIFA World Cup Regulations & Tie-Breakers, if two or more teams finish equal on group-stage Points (PTS), here is the exact official order used to separate them in the standings:

Head-to-Head Points: Most points obtained in the group matches played between the tied teams.

Head-to-Head Goal Differential: Superior goal difference in the group matches played between the tied teams.

Head-to-Head Goals Scored: Most goals scored in the group matches played between the tied teams.

Total Goal Differential (GD): Superior goal difference in all 3 group matches (this is where overall GD finally kicks in).

Total Goals Scored: Most goals scored in all 3 group matches.

Fair Play Points: A disciplinary system where you lose points for cards (-1 for yellow, -3 for indirect red, -4 for direct red).

FIFA World Ranking: If teams are tied on absolutely everything on the pitch and on cards, the team that enters the tournament with the higher official FIFA World Ranking automatically gets the higher spot. No more random luck or drawing names out of a hat!

What is the FIFA World Ranking? Think of it as a permanent, global leaderboard for international football that has been ongoing since 1992 and never resets. It uses a mathematical system where teams constantly accumulate or lose points after every single match based on the importance of the game and the strength of the opponent. At the World Cup, if two teams are tied on absolutely everything else, the one sitting higher on this historical, ever-evolving leaderboard gets the edge.

3. How the ""Best 3rd-Placed Teams"" are Determined

The best 8 teams that finish in 3rd place across all groups will also advance to the Knockout Rounds. To rank them against each other, FIFA creates a separate ""virtual table"" containing only the 3rd-placed teams.

Crucial Note on this Table:
As you can see in the standings app, this live table updates in real-time after every single match, but it is completely temporary right now. There are still plenty of matches left to be played in the group stage.

A team might look safe in the top 8 today because some groups have only played 1 match while others have played 2, but the table will shift drastically. Do not panic or celebrate until every single group has finished all 3 rounds!

Since these teams obviously didn't play against each other, the tie-breakers for this specific table are slightly shorter:

Total Points

Total Goal Differential

Total Goals Scored

Fair Play Points (fewer cards)

FIFA World Ranking

4. How are the 3rd-placed teams assigned to Group Winners?

Since only 8 of the 12 group winners will face a 3rd-placed team (specifically the winners of Groups A, C, D, E, G, I, K, and L), FIFA created a preset master chart in the tournament regulations to handle this automatically.

As you can see in the official tournament schedule app above, teams like E1, I1, or D1 don't have a fixed opponent yet. Instead, they have a list of options in parentheses (like A3/B3/C3/F3).

Depending on the exact combination of the 8 groups that send their 3rd-placed teams through, that official FIFA chart automatically dictates the matchups. It’s a fixed puzzle where the pieces fall into place on their own once the group stage ends. No manual choices, no complicated math during the bracket stage!

The Bottom Line: Don't Stress!

Historically, if a team manages to get 4 points (e.g., 1 win and 1 draw), they are 99% qualified, regardless of whether they finish 2nd or 3rd in their group.

At the end of the day, if we spend all our time overanalyzing spreadsheets, calculating goal differentials after every whistle, and stressing over disciplinary points, we completely miss the point. Nowadays, they keep inventing all these meaningless metrics like xG (Expected Goals), advanced data analytics, and other overcomplicated stats that, in my opinion, are just ruining the beautiful game.

We are turning football into a math exam. Football is not a spreadsheet, It’s about the people in the stands, the last-minute winners, the heartbreaks, and the beautiful chaos. You don't need a degree in advanced mathematics or data science to enjoy a tournament. Just switch off the calculator, ignore the stats, cheer for your country, and let the game happen!
",analysis,"Extremely detailed, informative post explaining the World Cup format, tie-breakers, and qualification rules. This is educational content with specific rules, examples, and reasoning. The author clearly did research. Note: Even though the conclusion says ""don't overanalyze,"" the post itself is pure analysis."
92,"2026 FIFA World Cup Group C Permutations - BRA MAR HAI SCO
1ST:

Brazil needs a draw against Scotland if Morocco doesn’t win against Haiti
Brazil will require a win if Morocco beats Haiti and it will come down to group GD.

Morocco must beat Haiti and hope that Brazil doesn’t win or it will come down to group GD if Brazil wins.

Scotland must beat Brazil and hope that Morocco doesn’t win.

2ND:

Brazil will finish second if they draw Scotland and Morocco beats Haiti.
They can also finish second if they lose to Scotland and Morocco loses to Haiti and Brazil has a better group GD.

Morocco will finish second if they draw against Haiti and Brazil and doesn’t beat Scotland.
They will also finish second if both them and Brazil win and Brazil has a better group GD.

Morocco can lose to Haiti regardless of the other result but if Scotland wins, Morocco will need to have a better group GD than Brazil

.Scotland will finish second if they beat Brazil and Morocco beats Haiti.

3RD: (And possible advancement)

Brazil will finish third on 4 POINTS if they lose to Scotland and Morocco doesn’t lose to Haiti.

Morocco will finish third on 4 POINTS if they lose to Scotland beats Brazil and Morocco has a worse group GD than Brazil.

Scotland will finish third on 3 POINTS if they don’t beat Brazil. If Scotland finishes level on points with Morocco they lose head to head.

Haiti is eliminated as they can only finish level on points with Scotland and they have lost the head to head against them",analysis,Detailed breakdown of all possible qualification scenarios for Group C. Uses logical reasoning to explain what each team needs. Pure analysis.
93,"Dare I say it, but I'm enjoying the 48 teams. Some of the line ups have been really fun
Cape Verde V Spain, switzerland V bosnia, Canada V Qatar, Congo V Portugal.
I've really enjoyed some of line ups we wouldn't of gotten without the extra teams. The main complaint was it'll be boring but having a few blow outs or upset has been great. We'd never of seen the cape Verde goalkeepers performance without this.",analysis,"Makes a reasoned argument about the expanded World Cup format. Provides specific examples (Cape Verde vs Spain, Canada vs Qatar) and reasoning. Acknowledges the counterargument (blowouts) but argues the positives outweigh."
93.1,"I don't mind the inclusion of more lesser teams, football is getting better in Africa and Asia so long term this is the worst showing of a 48 world cup they will give and even at that they haven't been too bad so far. It's just the low stakes for me I don't like. Going through with 3 points isn't right. 4 points even a lot of the time since you can pick 3 points in the final game when an already qualified team is resting players. I know it is more games but I would prefer 8 groups of 6 in a round robin, with 1st place advancing to the R16 and 2nd and 3rd to a preliminary knockout playoff. It's a huge increase in group stage matches but realistically it's only an extra game in total for the eventually champions compared to this format. But the stakes would be so much higher, it goes back to 50% being knocked out but also finishing 1st becomes so important for teams too. Everything else in this WC has been good",analysis,"Detailed analysis of tournament format pros and cons. Proposes an alternative format (8 groups of 6) with reasoning about stakes, games, and knockout structure. This is substantive analysis of tournament design."
94,"ELI5: Why is Haiti eliminated from the Group Stage and cannot possibly advance to the Group of 32?
I just watched the Brazil vs. Haiti match and now they're saying that Haiti has been eliminated even though there is still one more game to be played in the group stage.
The current group C standings are:
Brazil 4
Morocco 4
Scotland 3
Haiti 0
Of course, it is mathematically impossible for Haiti to get into 1st or 2nd place. But theoretically Haiti could defeat Morocco by a large margin and Brazil could defeat Scotland, resulting in:
Brazil 7
Morocco 4
Haiti 3 (theoretically their GD could be higher than Scotland's)
Scotland 3
My understanding is that 8 of the 12 groups will have their 3rd place team advance, and the criteria for deciding those 8, in order, are:
Points (there are currently 0 other groups that have a team in 3rd place that has 3 points or more, and 8 groups get to bring their 3rd place team along)
Goal difference
Number of goals scored
Fair play score
FIFA rankings
So of course this is all theoretical and unlikely. But if Haiti ended up beating Morocco by 10 goals, and Scotland lost to Brazil, please explain to me like I'm 5 why Haiti could not advance to the group of 32 as a third place team?
Please correct me if I have any of this wrong.
EDIT: Turns out I was wrong on what the tiebreaker was. Since Scotland beat Haiti, Haiti will be in 4th place in the group no matter what now, even in the above (unlikely) scenario.
",analysis,"Asks a thoughtful question and provides detailed reasoning about why Haiti is eliminated. Explains the math and tie-breaker rules. Even though it's framed as a question, it contains analysis of the rules and scenarios."
94.1,Think of it like this: you can't apply for the 'best 3rd-place team' spots until your own group says you finished 3rd. Haiti's problem isn't the big 12-group comparison. Their problem is Scotland is blocking the door inside Group C.,analysis,"Clear, reasoned explanation using an analogy. Helps explain the qualification rules. Informative."
94.2,"You missed the main tiebreaker - head-to-head. It is impossible for a team that lost to another team to surpass said team on any other tiebreaker. So, given they'd be tied if Haiti wins and Scotland loses on matchday 3, Scotland is guaranteed a higher spot against Haiti, regardless of the specific results on that matchday.",analysis,Corrects the original post's misunderstanding with clear explanation of the head-to-head tiebreaker rule. Informative and precise.
95,"I don't know if it's the usual thing or not for host countries. Is anyone else weirded out by how well the host countries are doing? Mexico I can kind of understand, but seeing the USA and Canada at the top of their groups feels bizarre to me. Maybe it's because I don't follow North American football much, but I've never thought of either country as particularly relevant in the sport. Are these points deserved, Is this a normal host-country thing, or is there something I'm missing?",analysis,Asks thoughtful questions about host nation performance. This invites analysis about whether host advantage is real or if North American teams are improving. The questions themselves show analytical thinking.
96,Referee Iván Barton covering his mouth,reaction,Reporting an incident. No analysis.
96.1,This rule is going to be such a mess. Many long-time players do it out of muscle memory not maliciousness. Can't wait till one of the top names out there does it before a free kick or something and controversy erupts. (was there an opposing player they were speaking to? automatic red?),analysis," Reasoned critique of the new rule. Discusses unintended consequences, muscle memory, and potential controversy. Raises thoughtful questions about enforcement."
97,Miguel Almirón red card against Türkiye 45+3',reaction,Reporting an incident. No analysis.
97.1,This Ref studied the Rulebook like no other. Literally using every new rule added to its full extent.,hot_take,"Opinion about the referee being overly strict. ""Studied the Rulebook like no other"" is an exaggeration with no evidence."
97.2,Nice of Paraguay to demonstrate the first red card for covering the mouth,reaction,Sarcastic/humorous comment. No analysis.
97.3,Paraguay's Miguel Almirón was given a straight red card in the first half for covering his mouth during a confrontation. This is a new rule added by FIFA ahead of the World Cup to avoid any discriminatory statements being made by players.,analysis,Explains the context of the new rule and why the red card was given. Informative.
98,"Vinícius Jr surpasses Ronaldinho scoring more World Cup goals than him for Brazil.
Ronaldinho in the World Cup: 2 goals, 4 assists in 10 games.
Vinicius Jr in the World Cup: 3 goals, 3 assists in 6 games.",analysis,Statistical comparison with specific numbers. Data-driven.
99,Japanese fans interviewed on their experience in Dallas: “Texas is good! Everything is big!”,reaction,Reporting a funny quote. No analysis.
99.1,I wonder how Japanese people react when they see or even drive Japanese pickups like the Tundra or the Titan for the first time.,reaction,Curious observation. No analysis.
100,"Morocco captain Ahcraf Hakimi will stand trial for rape, French prosecutors have confirmed",analysis,News reporting with specific details. Informative.
100.1,Japan's Ito Junya faced a similar situation where he was kicked off the national squad after two women accused him of rape. It turned out that the women were lying so he was able to return but they almost ruined his life and career,analysis,Provides context with a specific example (Ito Junya case). Informative.
101,"I think Morocco is a team with a lot of great talent and pieces...but they're still missing one piece.
That piece is a true striker that can finish reliably. Saibari is a good player with flashes of brilliance but he's not exactly someone id consider elite. Hell they dont even necessarily need a striker even someone like Lamine Yamal who can make something out of nothing would have made the the team alot more complete. If things dont get more consistent on offense i just dont see how they get past teams like England, France and Argentina. They just dont seem to be able to take advantage of great opportunities. I have no idea if they have someone coming up the pipeline who will be ready by 2030 but i dont think this version of the team gets it done.",analysis,"Detailed tactical analysis of Morocco's team. Discusses strengths, weaknesses, specific player (Saibari), and future prospects. This is reasoned analysis of team composition and performance. Even though it's opinionated, it's substantive with reasoning."
102,"as football fans we need to talk about how unfair FIFA is

The current unfair allocation:

Confederation (Region)	Total Countries (FIFA Members)	Direct Slots (2026)	Regional Success Rate (%)
UEFA (Europe)	55	16	29.09%
CAF (Africa)	54	9	16.67%
AFC(Asia)	45	7	15.56%
CONMEBOL (South America)	10	6	60.00%
CONCACAF (North & Central America)	35	6	17.14%
OFC(Ocenia)	12	2	16.67%
Total / Overall	211	46*	21.80%
For people not good with stats, the above table implies ASIA and AFRICA got the worst deal. If we go by population, it will be far far worse and unfair.

Everyone shall reflect how wrong FIFA is.
Why does LATAM have 6 spots for 10 nations while Asia has same count for 45 nations?

People talking about that 32 -> 48 AFC gained 3 spots, but then so did LATAM 2 spots and EU 3 spots when they never needed it. AFC and CAF were under represented and they should have got those 5-8 spots. FIFA threw token breadcrumbs to AFC and said ""deal with it"" we don't want you in WC as our fans prefer to watch EU/LATAM team only and it is all fair and inclusive.

The actual fair allocation below inclusive of host nations:

Africa: 12 seats for 54 nations

Asia: 10 seats for 45 nations

Europe and all those islands colonies: 13 seats for 55 nations

North America, South America, Aus/NZ/Oceania and everybody else: 13 seats of remaining 57 nations

If one stands against the critics of compositions of squad, one should also stand against the unfair representation. FIFA is prejudiced against Asia and Africa, typical colonial era mindset.
How come the ""business reasons"" become suddenly more important than representation?

No way you are telling me that a Ecuadorian deserves representation more than a Thai.",analysis,"Comprehensive analysis of FIFA's slot allocation with specific numbers, comparisons, and arguments about fairness. The author uses data (the table) and makes a reasoned case about representation. This is substantive analysis, even though it's opinionated."
102.1,"Even if you got you're wish of ""equal representation"", FIFA aren't morons they would just create new confederations sprinkling European and South American countries in among Asian and African nations.
We would still end up with the best teams and i say this as someone from an AFC country.",hot_take,"Opinion about FIFA's motives with no evidence. ""FIFA aren't morons"" is an assertion. No data to support the claim about new confederations."
102.2,"Call me crazy, but id rather see 60% of CONMEBOL in the World Cup than 22% of AFC. One has a history of results and doing well, one has a history of losing 6-0, breaking opponents legs, and racking up red cards.",hot_take,"Strong opinion with provocative claims about AFC teams. Generalizes an entire confederation with negative stereotypes. No evidence provided for the claims about ""breaking opponents legs."
102.3,"Africa has the same rate as oceania? Look, these numbers are not based off of 'population', they are based off of a combination of factors that includes the reputation of nations in the region, the number of qualifying teams in the region, and what the qualifying rounds results told them. This isn't congress, you don't automatically get representation. Your team has to qualify for it in the qualifiers. Yes, there are less spots for asian teams, but that is most likely because the amount of asian teams that would be able to cut it at the world cup is lower than the number of euro teams. The same thing goes for us here in north america, we don't play soccer as much and so we have less teams because we are just not as good as european teams. Also, look at south America, they have a 60% entrance rate. They don't have that because of some unfair random statistic right? You never have to guess why brazil, argentina, or columbia made it to the world cup. Also, the number of entrants for asia and africa has been increasing as more top tier players are coming from those regions and their teams are getting better, and as those countries focus on soccer as a major sport more and more. Also, yes Ecuador deserves to be there, they have a world class team with some seriously talented stars on their team.",analysis,"Makes a reasoned counter-argument to the original post. Discusses multiple factors: reputation, qualifying results, historical performance, and regional development. Provides specific examples (Brazil, Argentina, Colombia). This is substantive analysis even though it disagrees with the original post."
102.4,"Like it or not, FIFAs goal is to make money. Which fans are most likely to travel and spend money to be there? You see it in the attendance. Norway and Scotland must be empty right now because is appears they shipped their entire populations here. Qatar (maybe) paid all expenses for its citizens to come- and you know none of their people are staying at the Holiday Inn, relying on the complimentary breakfast as their sole meal for the day.",hot_take,Opinion about FIFA's motives with no evidence. Makes claims about fan attendance and spending without data. The Holiday Inn comment is dismissive/sarcastic without substance.
102.5,"In my opinion, each confederation should have a fixed percentage proportional to its recent history (the last 20 years) and a variable percentage proportional to its current state. The fixed percentage proportional to recent history could be linked to the level of football professionalization within the confederation. Obviously, Europe and South America have a huge advantage here, but it would force other confederations/countries to professionalize players, improve infrastructure, and increase revenue. The variable percentage could be based on performance in the previous World Cup (numerical weighting) + performance in friendly matches (since there is no other way to cross paths with other confederations)",analysis,"Makes a reasoned proposal for a new slot allocation system. Explains the logic behind fixed and variable percentages, provides reasoning about professionalization, and suggests specific metrics (previous World Cup performance, friendly matches). This is substantive analysis with a clear proposal."
102.6,"CONMEBOL as a whole is generally consisting of better teams than say AFC or OFC, if we had more teams from the other conferences it'd just lead to worse teams getting in and the tournament potentially being more uninteresting",hot_take,"Opinion about team quality with no evidence. ""Generally consisting of better teams"" is a claim without data. The assumption that more AFC/OFC teams would make the tournament ""uninteresting"" is subjective with no support."
102.7,"They are getting exposure. For example, look at the FIFA ranking before the World Cup and see who the first 48 countries are to have an idea. We would end up with even more European countries if the World Cup was just the best countries in the world. It's a balance between getting the best teams in the world, but also making sure there is representation from different continents. No way you are telling me that a Ecuadorian deserves representation more than a Thai. I don't know why you are shitting on Ecuador. They were second place in the qualifiers. They were ahead of Brazil, Uruguay, and Colombia for example. Ecuador was also 23 in the FIFA Ranking before the WC, while Thailand is 94. WTH do you think Thailand deserves to be there more than Ecuador?? Thailand can get into the World Cup if they just do better than most of the other Asian teams.",analysis,"Makes a reasoned counter-argument using specific data: Ecuador's qualifying position (2nd), FIFA rankings (Ecuador #23 vs Thailand #94), and comparison to other South American teams. Provides logical reasoning about the balance between quality and representation. This is substantive analysis."
102.8,"If you put the 'excluded' asian and african NTs in CONMEBOL, they wouldn't qualify either, the Ecuadorians you particularly targeted, would destroy the Thai. Why don't they form a middle eastern or north african or south/east asian confederation? What's stopping them? It has happened in the past (with OFC). I'm much more concerned about separating the United Kingdom into 4 countries for better chances (it's still not coming home)",hot_take,"Makes strong claims without evidence (""Ecuadorians would destroy the Thai""). The suggestion about forming new confederations is speculative without analysis. The UK comment is a joke/snarky remark. While there are some interesting ideas, the comment is primarily opinionated with minimal substantive reasoning."
103,"The average football fan has no idea what the laws of the game are, which is why they think referees are shit",hot_take,Bold claim about fans' knowledge with no evidence. Sweeping generalization about why referees get criticized.
104,Neymar is not as good as everyone makes him out to be. He was built up so much its almost as if the whole world is afraid to admit we got carried away with him.,hot_take,"Opinion about Neymar being overrated. No stats or evidence, just a bold claim."
105,Great modern managers have taken the creativity out of footy,hot_take,Broad claim about modern football with no evidence. Pure opinion.
106,"Ronaldo and Messi at their peaks were so good that the magic and aura that used to exist around guys like Henry, Torres, Riquelme, Maldini etc doesn't really exist anymore with the current generation of players.",hot_take,Opinion about how past players are viewed differently. Nostalgic take with no evidence.
107,Harry Maguire pays Sky Sports for PR.,hot_take,Conspiracy theory-like claim with zero evidence. Pure opinion.
108,We sit there and call players shit but the reality of it is that if you have a professional contract then you're 100% better than the people sat with dodgy knees and beer bellies shouting how shit you are,hot_take,"Opinion about fan criticism with no evidence. ""100% better"" is an unsupported claim."
109,"Cristiano Ronaldo is the most overrated player at this World Cup. He's 41 and can't press or work off the ball anymore, but he's still treated like a game-changing player because of his reputation.",hot_take,"It makes bold claims about Ronaldo's ability with strong language (""most overrated"") but the evidence provided is just general observations, not specific stats. The framing is declarative and opinionated."
110,"I have no problem with hydration breaks. It benefits players and advertisers. Win/win. Yes, it changes how you play/coach/watch, but so did substitutions, 3 pts for win, VAR, etc. Evolve and adapt.",hot_take,"It's a strong, contrarian opinion that goes against what most fans think (most people hate the new hydration breaks). The argument is made as assertion with minimal evidence - just comparing to past rule changes without really proving why this change is good."
111,After Messi yesterday there was never a chance in hell Ronaldo would be even the slightest bit unselfish,hot_take,This is a pure psychological claim about Ronaldo's motivation with zero evidence - just an opinion about his personality and competitiveness.
112,"The US has done well at most World Cups, but in those tournaments we have zero wins over powerhouse type nations... USA has pretty reliably been a team that escapes the group stage and then gets exposed by the elite.",hot_take,"While it references some history, it makes a sweeping claim about the US team's ceiling that's framed as definitive truth rather than speculation."
113,"Netherlands are ""The Arsenal of nations""",hot_take,Comparing the Netherlands national team to Arsenal (a club known for coming close but never winning the biggest trophies). This is a provocative comparison with no evidence. It's a cultural/banter take.
114,Netherlands the most almost won it team in History. Aka the most overperforming footballing nation in the world,hot_take,"Strong opinion about the Netherlands being ""overperforming"" without any evidence. Also claims they are the ""most almost won it team"" - this is subjective and unsupported."
115,England must be so smug right now that they won once,hot_take,"Makes a claim about England fans' psychological state (""smug"") with no evidence. It's a provocative statement about fan behavior."
116,"""It has to happen some day."" (referring to Netherlands winning the World Cup)",hot_take,"This is a definitive claim about the future (""has to happen"") with no logical basis. It's pure speculation stated as fact."
117,This is the year ???,reaction,Actually this is more of a hopeful question - it's not assertive enough to be a hot_take. This is a reaction.
118,Why not hire a proper manager if you are trying to win it?,hot_take,"Implies the current manager is not ""proper"" without evidence. It's a judgmental claim about the Dutch FA's decision-making."
119,I mean they're easily the best team to never win the WC,hot_take,"""Easily"" makes this a definitive claim without evidence. This is subjective and unsupported."
120,"Turkey have been knocked out of the World Cup following their loss to Paraguay. They still have one match left against the USA, but their qualification hopes are officially gone.",reaction,"Just reporting a factual result. No analysis, no opinion."
121,"No goals against Australia and Paraguay in 180+ minutes, the latter playing with 10 men for an entire half is crazy work",analysis,"Provides specific stats (180+ minutes, 10 men for entire half) to make a point. Data-driven observation."
122,Turkey averaging 72% possession across the first two games and have no points or goals lmaooo,analysis,"Specific stat (72% possession, no points/goals) with data. The ""lmaooo"" adds emotion but the core is analytical."
123,Did the Turkish team learn how to shoot at an Imperial Stormtrooper academy??,reaction,"Pure joke/humor. No analysis, just a pop culture reference making fun of Turkey's poor finishing."
124,Turkey easily the biggest embarrassment of the tournament so far.,hot_take,"Strong opinion (""easily the biggest embarrassment"") with no evidence. Sweeping generalization."
125,Oh god what a hilarious game. 10/10 entertainment,reaction,Pure emotional reaction. No analysis.
126,"Turkey -->> Dark horse ?? horse shit ??. Turkey with all the possessions and nothing to show for it. They did the same against Australia. 1 early goal sealed the match, Turkey just don't know how to score. Paraguay with the dark arts, very annoying to play against.",hot_take,"The ""horse shit"" makes this an emotional hot take. Has some observations but presented as rant with no evidence. ""Dark arts"" is a subjective claim."
127,The worst team of this world cup by far even Haiti was eliminated with dignity,hot_take," ""By far"" makes this a definitive claim with no evidence. Also makes a subjective comparison to Haiti."
128,62 shots 13 on target in 2 matches and zero goals lol. I never want to hear Turkey called dark horses again,analysis,"Provides specific stats (62 shots, 13 on target, 0 goals) then draws a conclusion. The ""lol"" adds emotion but the core is analytical."
129,"I know it's hard to beat 2014 Spain and 2018 Germany as all-time World Cup disappointments as defending champions getting grouped, but wow. This has been an absolutely embarrassing World Cup for Turkey. This was a team that many picked to win this group coming into the tournament, and they just lost two matches without registering a goal. To add salt to the wound, they were eliminated after having a man advantage for an entire half. They still couldn't score. What an unbelievable bottle job",analysis,"Detailed analysis comparing Turkey's failure to historical disappointments (2014 Spain, 2018 Germany). Provides context and reasoning about expectations vs reality. Even though it's emotional, it's substantive."
130,That was the most heated game I've seen in some time. Pure entertainment. Referee took absolutely no shit.,reaction,Emotional observation. No analysis.
131,"I used to think Mexico had the biggest gap between how much a country loves soccer and how good its national team actually is, but Turkey has taken the crown.",hot_take,"Makes a bold comparative claim about ""biggest gap"" between passion and performance. Subjective with no evidence."
132,Scheduling the only thing stopping Turkey being the first team out of the tournament,hot_take,Sarcastic/dismissive take. Implies Turkey is so bad they would have been eliminated first if not for scheduling.
133,Turkey has to be the most disappointing team in Europe surely,hot_take,"""Surely"" makes this a definitive claim. ""Most disappointing"" is subjective with no evidence."
134,Turkey are so bad. Like cartoonishly bad,hot_take,"Strong opinion with no evidence. ""Cartoonishly bad"" is subjective hyperbole."
135,"That manager needs to be fired to the moon, what kinda attacking set up was that",hot_take,"Strong opinion about the manager with no tactical analysis. ""Fired to the moon"" is hyperbolic."
136,Tupac would still be alive if the shooter was Turkish,reaction,Dark joke mocking Turkish finishing. No analysis.
